PrevCommRef,PrevCommSystemId,PrevCommID,Trialref,PrevCommexists,PrevCommdate,PrevCommdate_as_date,Fromwhere,Createdby,Createdate,Lastupdatedby,Lastupdatedon
"PC_JO_10","JO",10,"T_JO_989",1,"6_1662","06_01_62_00:00:00","privy_council","jhm","10_11_01_14:46:44","jhm","10_11_01_14:46:50"
"PC_JO_11","JO",11,"T_JO_990",1,"6_1662","06_01_62_00:00:00","privy_council","jhm","10_11_01_14:54:10","jhm","10_11_01_14:54:15"
"PC_JO_12","JO",12,"T_JO_991",1,"6_1662","06_01_62_00:00:00","privy_council","jhm","10_11_01_15:03:17","jhm","10_11_01_15:03:24"
"PC_JO_13","JO",13,"T_JO_992",1,"6_1662","06_01_62_00:00:00","privy_council","jhm","10_11_01_15:10:53","jhm","10_11_01_15:10:59"
"PC_JO_14","JO",14,"T_JO_993",1,"6_1662","06_01_62_00:00:00","privy_council","jhm","10_11_01_15:17:57","jhm","10_11_01_15:18:02"
"PC_JO_15","JO",15,"T_JO_994",1,"6_1662","06_01_62_00:00:00","privy_council","jhm","10_11_01_15:25:29","jhm","10_11_01_15:25:34"
"PC_JO_16","JO",16,"T_JO_995",1,"6_1662","06_01_62_00:00:00","privy_council","jhm","10_11_01_15:31:47","jhm","10_11_01_15:31:53"
"PC_JO_17","JO",17,"T_JO_996",1,"6_1662","06_01_62_00:00:00","privy_council","jhm","10_11_01_15:37:46","jhm","10_21_02_15:42:15"
"PC_JO_18","JO",18,"T_JO_997",1,"6_1662","06_01_62_00:00:00","privy_council","jhm","10_11_01_15:45:10","jhm","10_11_01_15:45:15"
"PC_JO_19","JO",19,"T_JO_998",1,"6_1662","06_01_62_00:00:00","privy_council","jhm","10_11_01_15:52:15","jhm","10_11_01_15:52:21"
"PC_JO_20","JO",20,"T_JO_999",1,"6_1662","06_01_62_00:00:00","privy_council","jhm","10_11_01_15:59:11","jhm","10_11_01_15:59:18"
"PC_JO_5","JO",5,"T_JO_984",1,"6_1662","06_01_62_00:00:00","privy_council","jhm","10_11_01_12:54:09","jhm","10_11_01_12:54:17"
"PC_JO_6","JO",6,"T_JO_985",1,"6_1662","06_01_62_00:00:00","privy_council","jhm","10_11_01_13:07:48","jhm","10_11_01_13:07:54"
"PC_JO_7","JO",7,"T_JO_986",1,"6_1662","06_01_62_00:00:00","privy_council","jhm","10_11_01_13:16:52","jhm","10_11_01_13:17:00"
"PC_JO_8","JO",8,"T_JO_987",1,"6_1662","06_01_62_00:00:00","privy_council","jhm","10_11_01_13:33:26","jhm","10_11_01_13:33:31"
"PC_JO_9","JO",9,"T_JO_988",1,"6_1662","06_01_62_00:00:00","privy_council","jhm","10_11_01_14:39:08","jhm","10_21_02_15:40:59"
